{
  "baseline": {
    "correct": 240,
    "total": 482,
    "accuracy": 49.79253112033195
  },
  "pixelate_1.5": {
    "correct": 240,
    "total": 482,
    "accuracy": 49.79253112033195
  },
  "pixelate_2": {
    "correct": 220,
    "total": 482,
    "accuracy": 45.643153526970956
  },
  "pixelate_2.5": {
    "correct": 220,
    "total": 482,
    "accuracy": 45.643153526970956
  },
  "glass_blur_2": {
    "correct": 239,
    "total": 482,
    "accuracy": 49.5850622406639
  },
  "glass_blur_2.5": {
    "correct": 240,
    "total": 481,
    "accuracy": 49.8960498960499
  },
  "glass_blur_3": {
    "correct": 240,
    "total": 481,
    "accuracy": 49.8960498960499
  },
  "color_shift_3": {
    "correct": 214,
    "total": 482,
    "accuracy": 44.398340248962654
  },
  "color_shift_4": {
    "correct": 200,
    "total": 482,
    "accuracy": 41.49377593360996
  },
  "color_shift_5": {
    "correct": 189,
    "total": 482,
    "accuracy": 39.211618257261414
  },
  "elastic_10": {
    "correct": 238,
    "total": 482,
    "accuracy": 49.37759336099585
  },
  "elastic_15": {
    "correct": 233,
    "total": 482,
    "accuracy": 48.3402489626556
  },
  "elastic_20": {
    "correct": 232,
    "total": 481,
    "accuracy": 48.232848232848234
  },
  "motion_blur_5": {
    "correct": 226,
    "total": 479,
    "accuracy": 47.18162839248434
  },
  "motion_blur_6": {
    "correct": 232,
    "total": 482,
    "accuracy": 48.13278008298755
  },
  "motion_blur_7": {
    "correct": 220,
    "total": 481,
    "accuracy": 45.73804573804574
  },
  "snow_0.1": {
    "correct": 212,
    "total": 482,
    "accuracy": 43.983402489626556
  },
  "snow_0.2": {
    "correct": 215,
    "total": 482,
    "accuracy": 44.60580912863071
  },
  "snow_0.3": {
    "correct": 202,
    "total": 481,
    "accuracy": 41.995841995842
  }
}