{
  "baseline": {
    "accuracy": 80.99173553719008,
    "correct": 98,
    "total": 121
  },
  "pixelate_1.5": {
    "accuracy": 79.33884297520662,
    "correct": 96,
    "total": 121
  },
  "pixelate_2": {
    "accuracy": 80.99173553719008,
    "correct": 98,
    "total": 121
  },
  "pixelate_2.5": {
    "accuracy": 76.85950413223141,
    "correct": 93,
    "total": 121
  },
  "glass_blur_2": {
    "accuracy": 83.47107438016529,
    "correct": 101,
    "total": 121
  },
  "glass_blur_2.5": {
    "accuracy": 82.64462809917356,
    "correct": 100,
    "total": 121
  },
  "glass_blur_3": {
    "accuracy": 81.81818181818183,
    "correct": 99,
    "total": 121
  },
  "color_shift_3": {
    "accuracy": 76.85950413223141,
    "correct": 93,
    "total": 121
  },
  "color_shift_4": {
    "accuracy": 74.3801652892562,
    "correct": 90,
    "total": 121
  },
  "color_shift_5": {
    "accuracy": 71.900826446281,
    "correct": 87,
    "total": 121
  },
  "elastic_10": {
    "accuracy": 81.81818181818183,
    "correct": 99,
    "total": 121
  },
  "elastic_15": {
    "accuracy": 80.16528925619835,
    "correct": 97,
    "total": 121
  },
  "elastic_20": {
    "accuracy": 83.47107438016529,
    "correct": 101,
    "total": 121
  },
  "motion_blur_5": {
    "accuracy": 79.33884297520662,
    "correct": 96,
    "total": 121
  },
  "motion_blur_6": {
    "accuracy": 78.51239669421489,
    "correct": 95,
    "total": 121
  },
  "motion_blur_7": {
    "accuracy": 80.0,
    "correct": 96,
    "total": 120
  },
  "snow_0.1": {
    "accuracy": 85.12396694214877,
    "correct": 103,
    "total": 121
  },
  "snow_0.2": {
    "accuracy": 73.55371900826447,
    "correct": 89,
    "total": 121
  },
  "snow_0.3": {
    "accuracy": 71.900826446281,
    "correct": 87,
    "total": 121
  }
}