{
  "baseline": {
    "accuracy": 81.32780082987551,
    "correct": 196,
    "total": 241
  },
  "pixelate_1.5": {
    "accuracy": 80.91286307053942,
    "correct": 195,
    "total": 241
  },
  "pixelate_2": {
    "accuracy": 78.00829875518673,
    "correct": 188,
    "total": 241
  },
  "pixelate_2.5": {
    "accuracy": 78.83817427385893,
    "correct": 190,
    "total": 241
  },
  "glass_blur_2": {
    "accuracy": 81.74273858921161,
    "correct": 197,
    "total": 241
  },
  "glass_blur_2.5": {
    "accuracy": 84.64730290456431,
    "correct": 204,
    "total": 241
  },
  "glass_blur_3": {
    "accuracy": 80.83333333333333,
    "correct": 194,
    "total": 240
  },
  "color_shift_3": {
    "accuracy": 77.59336099585063,
    "correct": 187,
    "total": 241
  },
  "color_shift_4": {
    "accuracy": 71.78423236514523,
    "correct": 173,
    "total": 241
  },
  "color_shift_5": {
    "accuracy": 72.61410788381743,
    "correct": 175,
    "total": 241
  },
  "elastic_10": {
    "accuracy": 82.15767634854771,
    "correct": 198,
    "total": 241
  },
  "elastic_15": {
    "accuracy": 82.98755186721992,
    "correct": 200,
    "total": 241
  },
  "elastic_20": {
    "accuracy": 81.74273858921161,
    "correct": 197,
    "total": 241
  },
  "motion_blur_5": {
    "accuracy": 78.42323651452283,
    "correct": 189,
    "total": 241
  },
  "motion_blur_6": {
    "accuracy": 81.74273858921161,
    "correct": 197,
    "total": 241
  },
  "motion_blur_7": {
    "accuracy": 77.91666666666667,
    "correct": 187,
    "total": 240
  },
  "snow_0.1": {
    "accuracy": 75.10373443983403,
    "correct": 181,
    "total": 241
  },
  "snow_0.2": {
    "accuracy": 68.87966804979253,
    "correct": 166,
    "total": 241
  },
  "snow_0.3": {
    "accuracy": 68.04979253112033,
    "correct": 164,
    "total": 241
  }
}