{
  "baseline": {
    "accuracy": 62.863070539419084,
    "correct": 303,
    "total": 482
  },
  "glass_blur_2": {
    "accuracy": 59.95850622406639,
    "correct": 289,
    "total": 482
  },
  "glass_blur_2.5": {
    "accuracy": 62.37006237006237,
    "correct": 300,
    "total": 481
  },
  "glass_blur_3": {
    "accuracy": 59.25155925155925,
    "correct": 285,
    "total": 481
  },
  "color_shift_3": {
    "accuracy": 60.99585062240664,
    "correct": 294,
    "total": 482
  },
  "color_shift_4": {
    "accuracy": 57.26141078838174,
    "correct": 276,
    "total": 482
  },
  "color_shift_5": {
    "accuracy": 56.43153526970954,
    "correct": 272,
    "total": 482
  },
  "elastic_10": {
    "accuracy": 62.655601659751035,
    "correct": 302,
    "total": 482
  },
  "elastic_15": {
    "accuracy": 60.99585062240664,
    "correct": 294,
    "total": 482
  },
  "elastic_20": {
    "accuracy": 60.91476091476091,
    "correct": 293,
    "total": 481
  },
  "motion_blur_5": {
    "accuracy": 60.75156576200418,
    "correct": 291,
    "total": 479
  },
  "motion_blur_6": {
    "accuracy": 58.09128630705395,
    "correct": 280,
    "total": 482
  },
  "motion_blur_7": {
    "accuracy": 57.58835758835759,
    "correct": 277,
    "total": 481
  },
  "snow_0.1": {
    "accuracy": 58.50622406639005,
    "correct": 282,
    "total": 482
  },
  "snow_0.2": {
    "accuracy": 53.7344398340249,
    "correct": 259,
    "total": 482
  },
  "snow_0.3": {
    "accuracy": 49.8960498960499,
    "correct": 240,
    "total": 481
  }
}