{
  "baseline": {
    "accuracy": 78.00829875518673,
    "correct": 188,
    "total": 241
  },
  "pixelate_1.5": {
    "accuracy": 77.17842323651453,
    "correct": 186,
    "total": 241
  },
  "pixelate_2": {
    "accuracy": 74.27385892116183,
    "correct": 179,
    "total": 241
  },
  "pixelate_2.5": {
    "accuracy": 71.36929460580913,
    "correct": 172,
    "total": 241
  },
  "glass_blur_2": {
    "accuracy": 77.17842323651453,
    "correct": 186,
    "total": 241
  },
  "glass_blur_2.5": {
    "accuracy": 77.91666666666667,
    "correct": 187,
    "total": 240
  },
  "glass_blur_3": {
    "accuracy": 73.02904564315352,
    "correct": 176,
    "total": 241
  },
  "color_shift_3": {
    "accuracy": 73.44398340248964,
    "correct": 177,
    "total": 241
  },
  "color_shift_4": {
    "accuracy": 69.29460580912863,
    "correct": 167,
    "total": 241
  },
  "color_shift_5": {
    "accuracy": 66.80497925311202,
    "correct": 161,
    "total": 241
  },
  "elastic_10": {
    "accuracy": 77.59336099585063,
    "correct": 187,
    "total": 241
  },
  "elastic_15": {
    "accuracy": 74.68879668049793,
    "correct": 180,
    "total": 241
  },
  "elastic_20": {
    "accuracy": 77.08333333333334,
    "correct": 185,
    "total": 240
  },
  "motion_blur_5": {
    "accuracy": 76.34854771784232,
    "correct": 184,
    "total": 241
  },
  "motion_blur_6": {
    "accuracy": 75.10373443983403,
    "correct": 181,
    "total": 241
  },
  "motion_blur_7": {
    "accuracy": 68.87966804979253,
    "correct": 166,
    "total": 241
  },
  "snow_0.1": {
    "accuracy": 71.36929460580913,
    "correct": 172,
    "total": 241
  },
  "snow_0.2": {
    "accuracy": 65.14522821576763,
    "correct": 157,
    "total": 241
  },
  "snow_0.3": {
    "accuracy": 61.66666666666667,
    "correct": 148,
    "total": 240
  }
}