{
  "baseline": {
    "accuracy": 72.19917012448133,
    "correct": 174,
    "total": 241
  },
  "pixelate_1.5": {
    "accuracy": 74.27385892116183,
    "correct": 179,
    "total": 241
  },
  "pixelate_2": {
    "accuracy": 68.04979253112033,
    "correct": 164,
    "total": 241
  },
  "pixelate_2.5": {
    "accuracy": 65.14522821576763,
    "correct": 157,
    "total": 241
  },
  "glass_blur_2": {
    "accuracy": 68.46473029045643,
    "correct": 165,
    "total": 241
  },
  "glass_blur_2.5": {
    "accuracy": 70.0,
    "correct": 168,
    "total": 240
  },
  "glass_blur_3": {
    "accuracy": 69.70954356846472,
    "correct": 168,
    "total": 241
  },
  "color_shift_3": {
    "accuracy": 68.87966804979253,
    "correct": 166,
    "total": 241
  },
  "color_shift_4": {
    "accuracy": 65.97510373443983,
    "correct": 159,
    "total": 241
  },
  "color_shift_5": {
    "accuracy": 61.82572614107884,
    "correct": 149,
    "total": 241
  },
  "elastic_10": {
    "accuracy": 71.36929460580913,
    "correct": 172,
    "total": 241
  },
  "elastic_15": {
    "accuracy": 71.36929460580913,
    "correct": 172,
    "total": 241
  },
  "elastic_20": {
    "accuracy": 68.33333333333333,
    "correct": 164,
    "total": 240
  },
  "motion_blur_5": {
    "accuracy": 68.87966804979253,
    "correct": 166,
    "total": 241
  },
  "motion_blur_6": {
    "accuracy": 66.80497925311202,
    "correct": 161,
    "total": 241
  },
  "motion_blur_7": {
    "accuracy": 64.73029045643153,
    "correct": 156,
    "total": 241
  },
  "snow_0.1": {
    "accuracy": 63.48547717842323,
    "correct": 153,
    "total": 241
  },
  "snow_0.2": {
    "accuracy": 63.90041493775933,
    "correct": 154,
    "total": 241
  },
  "snow_0.3": {
    "accuracy": 64.16666666666667,
    "correct": 154,
    "total": 240
  }
}