{
  "baseline": {
    "accuracy": 79.04564315352697,
    "correct": 381,
    "total": 482
  },
  "pixelate_1.5": {
    "accuracy": 78.83817427385893,
    "correct": 380,
    "total": 482
  },
  "pixelate_2": {
    "accuracy": 77.38589211618257,
    "correct": 373,
    "total": 482
  },
  "pixelate_2.5": {
    "accuracy": 76.76348547717843,
    "correct": 370,
    "total": 482
  },
  "glass_blur_2": {
    "accuracy": 81.32780082987551,
    "correct": 392,
    "total": 482
  },
  "glass_blur_2.5": {
    "accuracy": 80.49792531120332,
    "correct": 388,
    "total": 482
  },
  "glass_blur_3": {
    "accuracy": 79.25311203319502,
    "correct": 382,
    "total": 482
  },
  "color_shift_3": {
    "accuracy": 77.38589211618257,
    "correct": 373,
    "total": 482
  },
  "color_shift_4": {
    "accuracy": 78.00829875518673,
    "correct": 376,
    "total": 482
  },
  "color_shift_5": {
    "accuracy": 74.06639004149378,
    "correct": 357,
    "total": 482
  },
  "elastic_10": {
    "accuracy": 81.95020746887967,
    "correct": 395,
    "total": 482
  },
  "elastic_15": {
    "accuracy": 79.25311203319502,
    "correct": 382,
    "total": 482
  },
  "elastic_20": {
    "accuracy": 80.08298755186722,
    "correct": 386,
    "total": 482
  },
  "motion_blur_5": {
    "accuracy": 80.08298755186722,
    "correct": 386,
    "total": 482
  },
  "motion_blur_6": {
    "accuracy": 81.12033195020747,
    "correct": 391,
    "total": 482
  },
  "motion_blur_7": {
    "accuracy": 78.42323651452283,
    "correct": 378,
    "total": 482
  },
  "snow_0.1": {
    "accuracy": 79.46058091286307,
    "correct": 383,
    "total": 482
  },
  "snow_0.2": {
    "accuracy": 78.42323651452283,
    "correct": 378,
    "total": 482
  },
  "snow_0.3": {
    "accuracy": 73.65145228215768,
    "correct": 355,
    "total": 482
  }
}