{
  "baseline": {
    "accuracy": 72.82157676348547,
    "correct": 351,
    "total": 482
  },
  "pixelate_1.5": {
    "accuracy": 72.61410788381743,
    "correct": 350,
    "total": 482
  },
  "pixelate_2": {
    "accuracy": 69.70954356846472,
    "correct": 336,
    "total": 482
  },
  "pixelate_2.5": {
    "accuracy": 69.50207468879668,
    "correct": 335,
    "total": 482
  },
  "glass_blur_2": {
    "accuracy": 71.99170124481327,
    "correct": 347,
    "total": 482
  },
  "glass_blur_2.5": {
    "accuracy": 72.76507276507277,
    "correct": 350,
    "total": 481
  },
  "glass_blur_3": {
    "accuracy": 71.3097713097713,
    "correct": 343,
    "total": 481
  },
  "color_shift_3": {
    "accuracy": 67.84232365145229,
    "correct": 327,
    "total": 482
  },
  "color_shift_4": {
    "accuracy": 64.10788381742739,
    "correct": 309,
    "total": 482
  },
  "color_shift_5": {
    "accuracy": 60.16597510373444,
    "correct": 290,
    "total": 482
  },
  "elastic_10": {
    "accuracy": 73.02904564315352,
    "correct": 352,
    "total": 482
  },
  "elastic_15": {
    "accuracy": 74.22037422037423,
    "correct": 357,
    "total": 481
  },
  "elastic_20": {
    "accuracy": 72.34927234927235,
    "correct": 348,
    "total": 481
  },
  "motion_blur_5": {
    "accuracy": 70.14613778705638,
    "correct": 336,
    "total": 479
  },
  "motion_blur_6": {
    "accuracy": 70.95435684647303,
    "correct": 342,
    "total": 482
  },
  "motion_blur_7": {
    "accuracy": 70.06237006237006,
    "correct": 337,
    "total": 481
  },
  "snow_0.1": {
    "accuracy": 70.95435684647303,
    "correct": 342,
    "total": 482
  },
  "snow_0.2": {
    "accuracy": 65.97510373443983,
    "correct": 318,
    "total": 482
  },
  "snow_0.3": {
    "accuracy": 65.6964656964657,
    "correct": 316,
    "total": 481
  }
}