{
  "baseline": {
    "accuracy": 60.58091286307054,
    "correct": 292,
    "total": 482
  },
  "pixelate_1.5": {
    "accuracy": 61.41078838174274,
    "correct": 296,
    "total": 482
  },
  "pixelate_2": {
    "accuracy": 60.16597510373444,
    "correct": 290,
    "total": 482
  },
  "pixelate_2.5": {
    "accuracy": 56.84647302904564,
    "correct": 274,
    "total": 482
  },
  "glass_blur_2": {
    "accuracy": 61.20331950207469,
    "correct": 295,
    "total": 482
  },
  "glass_blur_2.5": {
    "accuracy": 61.53846153846154,
    "correct": 296,
    "total": 481
  },
  "glass_blur_3": {
    "accuracy": 60.91476091476091,
    "correct": 293,
    "total": 481
  },
  "color_shift_3": {
    "accuracy": 60.788381742738586,
    "correct": 293,
    "total": 482
  },
  "color_shift_4": {
    "accuracy": 57.26141078838174,
    "correct": 276,
    "total": 482
  },
  "color_shift_5": {
    "accuracy": 56.84647302904564,
    "correct": 274,
    "total": 482
  },
  "elastic_10": {
    "accuracy": 62.24066390041494,
    "correct": 300,
    "total": 482
  },
  "elastic_15": {
    "accuracy": 63.27800829875518,
    "correct": 305,
    "total": 482
  },
  "elastic_20": {
    "accuracy": 61.53846153846154,
    "correct": 296,
    "total": 481
  },
  "motion_blur_5": {
    "accuracy": 60.96033402922756,
    "correct": 292,
    "total": 479
  },
  "motion_blur_6": {
    "accuracy": 58.921161825726145,
    "correct": 284,
    "total": 482
  },
  "motion_blur_7": {
    "accuracy": 58.41995841995842,
    "correct": 281,
    "total": 481
  },
  "snow_0.1": {
    "accuracy": 60.37344398340249,
    "correct": 291,
    "total": 482
  },
  "snow_0.2": {
    "accuracy": 58.09128630705395,
    "correct": 280,
    "total": 482
  },
  "snow_0.3": {
    "accuracy": 53.43035343035343,
    "correct": 257,
    "total": 481
  }
}