{
  "baseline": {
    "accuracy": 67.84232365145229,
    "correct": 327,
    "total": 482
  },
  "pixelate_1.5": {
    "accuracy": 67.63485477178423,
    "correct": 326,
    "total": 482
  },
  "pixelate_2": {
    "accuracy": 62.655601659751035,
    "correct": 302,
    "total": 482
  },
  "pixelate_2.5": {
    "accuracy": 62.655601659751035,
    "correct": 302,
    "total": 482
  },
  "glass_blur_2": {
    "accuracy": 64.10788381742739,
    "correct": 309,
    "total": 482
  },
  "glass_blur_2.5": {
    "accuracy": 66.32016632016632,
    "correct": 319,
    "total": 481
  },
  "glass_blur_3": {
    "accuracy": 66.32016632016632,
    "correct": 319,
    "total": 481
  },
  "color_shift_3": {
    "accuracy": 63.07053941908713,
    "correct": 304,
    "total": 482
  },
  "color_shift_4": {
    "accuracy": 62.03319502074689,
    "correct": 299,
    "total": 482
  },
  "color_shift_5": {
    "accuracy": 60.58091286307054,
    "correct": 292,
    "total": 482
  },
  "elastic_10": {
    "accuracy": 65.97510373443983,
    "correct": 318,
    "total": 482
  },
  "elastic_15": {
    "accuracy": 65.76763485477179,
    "correct": 317,
    "total": 482
  },
  "elastic_20": {
    "accuracy": 64.44906444906445,
    "correct": 310,
    "total": 481
  },
  "motion_blur_5": {
    "accuracy": 65.1356993736952,
    "correct": 312,
    "total": 479
  },
  "motion_blur_6": {
    "accuracy": 63.27800829875518,
    "correct": 305,
    "total": 482
  },
  "motion_blur_7": {
    "accuracy": 62.16216216216216,
    "correct": 299,
    "total": 481
  },
  "snow_0.1": {
    "accuracy": 62.655601659751035,
    "correct": 302,
    "total": 482
  },
  "snow_0.2": {
    "accuracy": 64.73029045643153,
    "correct": 312,
    "total": 482
  },
  "snow_0.3": {
    "accuracy": 58.83575883575883,
    "correct": 283,
    "total": 481
  }
}