{
  "baseline": {
    "accuracy": 74.68879668049793,
    "correct": 360,
    "total": 482
  },
  "pixelate_1.5": {
    "accuracy": 72.61410788381743,
    "correct": 350,
    "total": 482
  },
  "pixelate_2": {
    "accuracy": 67.42738589211619,
    "correct": 325,
    "total": 482
  },
  "pixelate_2.5": {
    "accuracy": 67.21991701244814,
    "correct": 324,
    "total": 482
  },
  "glass_blur_2": {
    "accuracy": 73.23651452282157,
    "correct": 353,
    "total": 482
  },
  "glass_blur_2.5": {
    "accuracy": 73.44398340248964,
    "correct": 354,
    "total": 482
  },
  "glass_blur_3": {
    "accuracy": 70.68607068607069,
    "correct": 340,
    "total": 481
  },
  "color_shift_3": {
    "accuracy": 69.91701244813278,
    "correct": 337,
    "total": 482
  },
  "color_shift_4": {
    "accuracy": 64.10788381742739,
    "correct": 309,
    "total": 482
  },
  "color_shift_5": {
    "accuracy": 60.58091286307054,
    "correct": 292,
    "total": 482
  },
  "elastic_10": {
    "accuracy": 71.99170124481327,
    "correct": 347,
    "total": 482
  },
  "elastic_15": {
    "accuracy": 75.31120331950207,
    "correct": 363,
    "total": 482
  },
  "elastic_20": {
    "accuracy": 72.19917012448133,
    "correct": 348,
    "total": 482
  },
  "motion_blur_5": {
    "accuracy": 67.29166666666667,
    "correct": 323,
    "total": 480
  },
  "motion_blur_6": {
    "accuracy": 67.21991701244814,
    "correct": 324,
    "total": 482
  },
  "motion_blur_7": {
    "accuracy": 64.10788381742739,
    "correct": 309,
    "total": 482
  },
  "snow_0.1": {
    "accuracy": 67.84232365145229,
    "correct": 327,
    "total": 482
  },
  "snow_0.2": {
    "accuracy": 62.863070539419084,
    "correct": 303,
    "total": 482
  },
  "snow_0.3": {
    "accuracy": 59.66735966735966,
    "correct": 287,
    "total": 481
  }
}