{
  "baseline": {
    "accuracy": 78.63070539419087,
    "correct": 379,
    "total": 482
  },
  "pixelate_1.5": {
    "accuracy": 78.42323651452283,
    "correct": 378,
    "total": 482
  },
  "pixelate_2": {
    "accuracy": 74.06639004149378,
    "correct": 357,
    "total": 482
  },
  "pixelate_2.5": {
    "accuracy": 73.02904564315352,
    "correct": 352,
    "total": 482
  },
  "glass_blur_2": {
    "accuracy": 79.04564315352697,
    "correct": 381,
    "total": 482
  },
  "glass_blur_2.5": {
    "accuracy": 78.79417879417879,
    "correct": 379,
    "total": 481
  },
  "glass_blur_3": {
    "accuracy": 77.33887733887734,
    "correct": 372,
    "total": 481
  },
  "color_shift_3": {
    "accuracy": 73.65145228215768,
    "correct": 355,
    "total": 482
  },
  "color_shift_4": {
    "accuracy": 69.08713692946058,
    "correct": 333,
    "total": 482
  },
  "color_shift_5": {
    "accuracy": 67.84232365145229,
    "correct": 327,
    "total": 482
  },
  "elastic_10": {
    "accuracy": 76.97095435684648,
    "correct": 371,
    "total": 482
  },
  "elastic_15": {
    "accuracy": 78.21576763485477,
    "correct": 377,
    "total": 482
  },
  "elastic_20": {
    "accuracy": 77.33887733887734,
    "correct": 372,
    "total": 481
  },
  "motion_blur_5": {
    "accuracy": 77.8705636743215,
    "correct": 373,
    "total": 479
  },
  "motion_blur_6": {
    "accuracy": 77.17842323651453,
    "correct": 372,
    "total": 482
  },
  "motion_blur_7": {
    "accuracy": 73.8045738045738,
    "correct": 355,
    "total": 481
  },
  "snow_0.1": {
    "accuracy": 75.10373443983403,
    "correct": 362,
    "total": 482
  },
  "snow_0.2": {
    "accuracy": 68.87966804979253,
    "correct": 332,
    "total": 482
  },
  "snow_0.3": {
    "accuracy": 67.56756756756756,
    "correct": 325,
    "total": 481
  }
}