{
  "baseline": {
    "accuracy": 57.26141078838174,
    "correct": 276,
    "total": 482
  },
  "pixelate_1.5": {
    "accuracy": 57.05394190871369,
    "correct": 275,
    "total": 482
  },
  "pixelate_2": {
    "accuracy": 52.074688796680505,
    "correct": 251,
    "total": 482
  },
  "pixelate_2.5": {
    "accuracy": 51.45228215767634,
    "correct": 248,
    "total": 482
  },
  "glass_blur_2": {
    "accuracy": 54.56431535269709,
    "correct": 263,
    "total": 482
  },
  "glass_blur_2.5": {
    "accuracy": 56.75675675675676,
    "correct": 273,
    "total": 481
  },
  "glass_blur_3": {
    "accuracy": 55.301455301455306,
    "correct": 266,
    "total": 481
  },
  "color_shift_3": {
    "accuracy": 52.69709543568465,
    "correct": 254,
    "total": 482
  },
  "color_shift_4": {
    "accuracy": 52.4896265560166,
    "correct": 253,
    "total": 482
  },
  "color_shift_5": {
    "accuracy": 50.20746887966805,
    "correct": 242,
    "total": 482
  },
  "elastic_10": {
    "accuracy": 58.09128630705395,
    "correct": 280,
    "total": 482
  },
  "elastic_15": {
    "accuracy": 57.46887966804979,
    "correct": 277,
    "total": 482
  },
  "elastic_20": {
    "accuracy": 60.08316008316008,
    "correct": 289,
    "total": 481
  },
  "motion_blur_5": {
    "accuracy": 54.69728601252609,
    "correct": 262,
    "total": 479
  },
  "motion_blur_6": {
    "accuracy": 52.9045643153527,
    "correct": 255,
    "total": 482
  },
  "motion_blur_7": {
    "accuracy": 50.51975051975052,
    "correct": 243,
    "total": 481
  },
  "snow_0.1": {
    "accuracy": 54.149377593360995,
    "correct": 261,
    "total": 482
  },
  "snow_0.2": {
    "accuracy": 50.829875518672196,
    "correct": 245,
    "total": 482
  },
  "snow_0.3": {
    "accuracy": 47.81704781704782,
    "correct": 230,
    "total": 481
  }
}