{
  "baseline": {
    "accuracy": 74.68879668049793,
    "correct": 360,
    "total": 482
  },
  "pixelate_1.5": {
    "accuracy": 76.55601659751036,
    "correct": 369,
    "total": 482
  },
  "pixelate_2": {
    "accuracy": 70.33195020746888,
    "correct": 339,
    "total": 482
  },
  "pixelate_2.5": {
    "accuracy": 70.33195020746888,
    "correct": 339,
    "total": 482
  },
  "glass_blur_2": {
    "accuracy": 73.44398340248964,
    "correct": 354,
    "total": 482
  },
  "glass_blur_2.5": {
    "accuracy": 76.55601659751036,
    "correct": 369,
    "total": 482
  },
  "glass_blur_3": {
    "accuracy": 75.31120331950207,
    "correct": 363,
    "total": 482
  },
  "color_shift_3": {
    "accuracy": 69.70954356846472,
    "correct": 336,
    "total": 482
  },
  "color_shift_4": {
    "accuracy": 70.74688796680498,
    "correct": 341,
    "total": 482
  },
  "color_shift_5": {
    "accuracy": 69.23076923076923,
    "correct": 333,
    "total": 481
  },
  "elastic_10": {
    "accuracy": 73.23651452282157,
    "correct": 353,
    "total": 482
  },
  "elastic_15": {
    "accuracy": 76.34854771784232,
    "correct": 368,
    "total": 482
  },
  "elastic_20": {
    "accuracy": 71.16182572614107,
    "correct": 343,
    "total": 482
  },
  "motion_blur_5": {
    "accuracy": 74.06639004149378,
    "correct": 357,
    "total": 482
  },
  "motion_blur_6": {
    "accuracy": 70.53941908713693,
    "correct": 340,
    "total": 482
  },
  "motion_blur_7": {
    "accuracy": 65.38461538461539,
    "correct": 238,
    "total": 364
  },
  "snow_0.1": {
    "accuracy": 75.74626865671642,
    "correct": 203,
    "total": 268
  },
  "snow_0.2": {
    "accuracy": 68.32298136645963,
    "correct": 220,
    "total": 322
  },
  "snow_0.3": {
    "accuracy": 68.07610993657505,
    "correct": 322,
    "total": 473
  }
}