{
  "baseline": {
    "accuracy": 61.51515151515151,
    "correct": 203,
    "total": 330
  },
  "motion_blur_5": {
    "accuracy": 60.0,
    "correct": 198,
    "total": 330
  },
  "motion_blur_6": {
    "accuracy": 60.0,
    "correct": 198,
    "total": 330
  },
  "motion_blur_7": {
    "accuracy": 54.24242424242425,
    "correct": 179,
    "total": 330
  },
  "snow_0.1": {
    "accuracy": 63.030303030303024,
    "correct": 208,
    "total": 330
  },
  "snow_0.2": {
    "accuracy": 59.3939393939394,
    "correct": 196,
    "total": 330
  },
  "snow_0.3": {
    "accuracy": 58.18181818181818,
    "correct": 192,
    "total": 330
  },
  "color_shift_3": {
    "accuracy": 54.54545454545454,
    "correct": 180,
    "total": 330
  },
  "color_shift_4": {
    "accuracy": 46.06060606060606,
    "correct": 152,
    "total": 330
  },
  "color_shift_5": {
    "accuracy": 40.0,
    "correct": 132,
    "total": 330
  },
  "elastic_10": {
    "accuracy": 63.93939393939394,
    "correct": 211,
    "total": 330
  },
  "elastic_15": {
    "accuracy": 61.81818181818181,
    "correct": 204,
    "total": 330
  },
  "elastic_20": {
    "accuracy": 63.030303030303024,
    "correct": 208,
    "total": 330
  },
  "glass_blur_2.5": {
    "accuracy": 62.121212121212125,
    "correct": 205,
    "total": 330
  },
  "glass_blur_2": {
    "accuracy": 62.727272727272734,
    "correct": 207,
    "total": 330
  },
  "glass_blur_3": {
    "accuracy": 59.696969696969695,
    "correct": 197,
    "total": 330
  }
}