{
  "baseline": {
    "accuracy": 49.696969696969695,
    "correct": 164,
    "total": 330
  },
  "pixelate_1.5": {
    "accuracy": 53.03030303030303,
    "correct": 175,
    "total": 330
  },
  "pixelate_2": {
    "accuracy": 42.12121212121212,
    "correct": 139,
    "total": 330
  },
  "pixelate_2.5": {
    "accuracy": 40.303030303030305,
    "correct": 133,
    "total": 330
  },
  "glass_blur_2": {
    "accuracy": 51.21212121212121,
    "correct": 169,
    "total": 330
  },
  "glass_blur_2.5": {
    "accuracy": 49.696969696969695,
    "correct": 164,
    "total": 330
  },
  "glass_blur_3": {
    "accuracy": 45.75757575757576,
    "correct": 151,
    "total": 330
  },
  "color_shift_3": {
    "accuracy": 46.36363636363636,
    "correct": 153,
    "total": 330
  },
  "color_shift_4": {
    "accuracy": 39.696969696969695,
    "correct": 131,
    "total": 330
  },
  "color_shift_5": {
    "accuracy": 37.878787878787875,
    "correct": 125,
    "total": 330
  },
  "elastic_10": {
    "accuracy": 52.42424242424243,
    "correct": 173,
    "total": 330
  },
  "elastic_15": {
    "accuracy": 48.78787878787879,
    "correct": 161,
    "total": 330
  },
  "elastic_20": {
    "accuracy": 49.696969696969695,
    "correct": 164,
    "total": 330
  },
  "motion_blur_5": {
    "accuracy": 48.484848484848484,
    "correct": 160,
    "total": 330
  },
  "motion_blur_6": {
    "accuracy": 45.151515151515156,
    "correct": 149,
    "total": 330
  },
  "motion_blur_7": {
    "accuracy": 43.333333333333336,
    "correct": 143,
    "total": 330
  },
  "snow_0.1": {
    "accuracy": 46.36363636363636,
    "correct": 153,
    "total": 330
  },
  "snow_0.2": {
    "accuracy": 47.57575757575758,
    "correct": 157,
    "total": 330
  },
  "snow_0.3": {
    "accuracy": 41.515151515151516,
    "correct": 137,
    "total": 330
  }
}