{
  "baseline": {
    "accuracy": 70.3030303030303,
    "correct": 116,
    "total": 165
  },
  "pixelate_1.5": {
    "accuracy": 73.93939393939394,
    "correct": 122,
    "total": 165
  },
  "pixelate_2": {
    "accuracy": 56.36363636363636,
    "correct": 93,
    "total": 165
  },
  "pixelate_2.5": {
    "accuracy": 55.757575757575765,
    "correct": 92,
    "total": 165
  },
  "glass_blur_2": {
    "accuracy": 72.12121212121212,
    "correct": 119,
    "total": 165
  },
  "glass_blur_2.5": {
    "accuracy": 70.3030303030303,
    "correct": 116,
    "total": 165
  },
  "glass_blur_3": {
    "accuracy": 64.84848484848484,
    "correct": 107,
    "total": 165
  },
  "color_shift_3": {
    "accuracy": 56.96969696969697,
    "correct": 94,
    "total": 165
  },
  "color_shift_4": {
    "accuracy": 51.515151515151516,
    "correct": 85,
    "total": 165
  },
  "color_shift_5": {
    "accuracy": 44.24242424242424,
    "correct": 73,
    "total": 165
  },
  "elastic_10": {
    "accuracy": 68.48484848484848,
    "correct": 113,
    "total": 165
  },
  "elastic_15": {
    "accuracy": 67.87878787878789,
    "correct": 112,
    "total": 165
  },
  "elastic_20": {
    "accuracy": 67.27272727272727,
    "correct": 111,
    "total": 165
  },
  "motion_blur_5": {
    "accuracy": 71.51515151515152,
    "correct": 118,
    "total": 165
  },
  "motion_blur_6": {
    "accuracy": 64.84848484848484,
    "correct": 107,
    "total": 165
  },
  "motion_blur_7": {
    "accuracy": 55.757575757575765,
    "correct": 92,
    "total": 165
  },
  "snow_0.1": {
    "accuracy": 69.0909090909091,
    "correct": 114,
    "total": 165
  },
  "snow_0.2": {
    "accuracy": 65.45454545454545,
    "correct": 108,
    "total": 165
  },
  "snow_0.3": {
    "accuracy": 58.78787878787879,
    "correct": 97,
    "total": 165
  }
}