{
  "baseline": {
    "accuracy": 71.51515151515152,
    "correct": 118,
    "total": 165
  },
  "pixelate_1.5": {
    "accuracy": 70.9090909090909,
    "correct": 117,
    "total": 165
  },
  "pixelate_2": {
    "accuracy": 55.757575757575765,
    "correct": 92,
    "total": 165
  },
  "pixelate_2.5": {
    "accuracy": 58.78787878787879,
    "correct": 97,
    "total": 165
  },
  "glass_blur_2": {
    "accuracy": 70.3030303030303,
    "correct": 116,
    "total": 165
  },
  "glass_blur_2.5": {
    "accuracy": 71.51515151515152,
    "correct": 118,
    "total": 165
  },
  "glass_blur_3": {
    "accuracy": 63.030303030303024,
    "correct": 104,
    "total": 165
  },
  "color_shift_3": {
    "accuracy": 53.939393939393945,
    "correct": 89,
    "total": 165
  },
  "color_shift_4": {
    "accuracy": 55.15151515151515,
    "correct": 91,
    "total": 165
  },
  "color_shift_5": {
    "accuracy": 44.24242424242424,
    "correct": 73,
    "total": 165
  },
  "elastic_10": {
    "accuracy": 71.51515151515152,
    "correct": 118,
    "total": 165
  },
  "elastic_15": {
    "accuracy": 76.96969696969697,
    "correct": 127,
    "total": 165
  },
  "elastic_20": {
    "accuracy": 73.33333333333333,
    "correct": 121,
    "total": 165
  },
  "motion_blur_5": {
    "accuracy": 75.75757575757575,
    "correct": 125,
    "total": 165
  },
  "motion_blur_6": {
    "accuracy": 71.51515151515152,
    "correct": 118,
    "total": 165
  },
  "motion_blur_7": {
    "accuracy": 59.3939393939394,
    "correct": 98,
    "total": 165
  },
  "snow_0.1": {
    "accuracy": 71.51515151515152,
    "correct": 118,
    "total": 165
  },
  "snow_0.2": {
    "accuracy": 67.87878787878789,
    "correct": 112,
    "total": 165
  },
  "snow_0.3": {
    "accuracy": 61.212121212121204,
    "correct": 101,
    "total": 165
  }
}