{
  "baseline": {
    "accuracy": 73.49397590361446,
    "correct": 61,
    "total": 83
  },
  "pixelate_1.5": {
    "accuracy": 71.08433734939759,
    "correct": 59,
    "total": 83
  },
  "pixelate_2": {
    "accuracy": 62.65060240963856,
    "correct": 52,
    "total": 83
  },
  "pixelate_2.5": {
    "accuracy": 59.036144578313255,
    "correct": 49,
    "total": 83
  },
  "glass_blur_2": {
    "accuracy": 73.49397590361446,
    "correct": 61,
    "total": 83
  },
  "glass_blur_2.5": {
    "accuracy": 74.69879518072288,
    "correct": 62,
    "total": 83
  },
  "glass_blur_3": {
    "accuracy": 65.06024096385542,
    "correct": 54,
    "total": 83
  },
  "color_shift_3": {
    "accuracy": 59.036144578313255,
    "correct": 49,
    "total": 83
  },
  "color_shift_4": {
    "accuracy": 53.01204819277109,
    "correct": 44,
    "total": 83
  },
  "color_shift_5": {
    "accuracy": 43.373493975903614,
    "correct": 36,
    "total": 83
  },
  "elastic_10": {
    "accuracy": 77.10843373493977,
    "correct": 64,
    "total": 83
  },
  "elastic_15": {
    "accuracy": 73.49397590361446,
    "correct": 61,
    "total": 83
  },
  "elastic_20": {
    "accuracy": 71.08433734939759,
    "correct": 59,
    "total": 83
  },
  "motion_blur_5": {
    "accuracy": 74.69879518072288,
    "correct": 62,
    "total": 83
  },
  "motion_blur_6": {
    "accuracy": 74.69879518072288,
    "correct": 62,
    "total": 83
  },
  "motion_blur_7": {
    "accuracy": 68.67469879518072,
    "correct": 57,
    "total": 83
  },
  "snow_0.1": {
    "accuracy": 69.87951807228916,
    "correct": 58,
    "total": 83
  },
  "snow_0.2": {
    "accuracy": 67.46987951807229,
    "correct": 56,
    "total": 83
  },
  "snow_0.3": {
    "accuracy": 68.67469879518072,
    "correct": 57,
    "total": 83
  }
}