{
  "baseline": {
    "accuracy": 59.3939393939394,
    "correct": 98,
    "total": 165
  },
  "pixelate_1.5": {
    "accuracy": 58.18181818181818,
    "correct": 96,
    "total": 165
  },
  "pixelate_2": {
    "accuracy": 44.24242424242424,
    "correct": 73,
    "total": 165
  },
  "pixelate_2.5": {
    "accuracy": 44.84848484848485,
    "correct": 74,
    "total": 165
  },
  "glass_blur_2": {
    "accuracy": 64.24242424242425,
    "correct": 106,
    "total": 165
  },
  "glass_blur_2.5": {
    "accuracy": 58.78787878787879,
    "correct": 97,
    "total": 165
  },
  "glass_blur_3": {
    "accuracy": 55.757575757575765,
    "correct": 92,
    "total": 165
  },
  "color_shift_3": {
    "accuracy": 50.90909090909091,
    "correct": 84,
    "total": 165
  },
  "color_shift_4": {
    "accuracy": 47.27272727272727,
    "correct": 78,
    "total": 165
  },
  "color_shift_5": {
    "accuracy": 42.42424242424242,
    "correct": 70,
    "total": 165
  },
  "elastic_10": {
    "accuracy": 58.18181818181818,
    "correct": 96,
    "total": 165
  },
  "elastic_15": {
    "accuracy": 63.030303030303024,
    "correct": 104,
    "total": 165
  },
  "elastic_20": {
    "accuracy": 55.15151515151515,
    "correct": 91,
    "total": 165
  },
  "motion_blur_5": {
    "accuracy": 55.757575757575765,
    "correct": 92,
    "total": 165
  },
  "motion_blur_6": {
    "accuracy": 55.15151515151515,
    "correct": 91,
    "total": 165
  },
  "motion_blur_7": {
    "accuracy": 49.09090909090909,
    "correct": 81,
    "total": 165
  },
  "snow_0.1": {
    "accuracy": 61.81818181818181,
    "correct": 102,
    "total": 165
  },
  "snow_0.2": {
    "accuracy": 53.939393939393945,
    "correct": 89,
    "total": 165
  },
  "snow_0.3": {
    "accuracy": 55.757575757575765,
    "correct": 92,
    "total": 165
  }
}