{
  "baseline": {
    "accuracy": 76.82926829268293,
    "correct": 63,
    "total": 82
  },
  "pixelate_1.5": {
    "accuracy": 70.73170731707317,
    "correct": 58,
    "total": 82
  },
  "pixelate_2": {
    "accuracy": 48.78048780487805,
    "correct": 40,
    "total": 82
  },
  "pixelate_2.5": {
    "accuracy": 52.4390243902439,
    "correct": 43,
    "total": 82
  },
  "glass_blur_2": {
    "accuracy": 71.95121951219512,
    "correct": 59,
    "total": 82
  },
  "glass_blur_2.5": {
    "accuracy": 70.73170731707317,
    "correct": 58,
    "total": 82
  },
  "glass_blur_3": {
    "accuracy": 65.85365853658537,
    "correct": 54,
    "total": 82
  },
  "color_shift_3": {
    "accuracy": 50.0,
    "correct": 41,
    "total": 82
  },
  "color_shift_4": {
    "accuracy": 52.4390243902439,
    "correct": 43,
    "total": 82
  },
  "color_shift_5": {
    "accuracy": 40.243902439024396,
    "correct": 33,
    "total": 82
  },
  "elastic_10": {
    "accuracy": 75.60975609756098,
    "correct": 62,
    "total": 82
  },
  "elastic_15": {
    "accuracy": 73.17073170731707,
    "correct": 60,
    "total": 82
  },
  "elastic_20": {
    "accuracy": 75.60975609756098,
    "correct": 62,
    "total": 82
  },
  "motion_blur_5": {
    "accuracy": 71.95121951219512,
    "correct": 59,
    "total": 82
  },
  "motion_blur_6": {
    "accuracy": 70.73170731707317,
    "correct": 58,
    "total": 82
  },
  "motion_blur_7": {
    "accuracy": 63.41463414634146,
    "correct": 52,
    "total": 82
  },
  "snow_0.1": {
    "accuracy": 71.95121951219512,
    "correct": 59,
    "total": 82
  },
  "snow_0.2": {
    "accuracy": 68.29268292682927,
    "correct": 56,
    "total": 82
  },
  "snow_0.3": {
    "accuracy": 58.536585365853654,
    "correct": 48,
    "total": 82
  }
}