{
  "baseline": {
    "accuracy": 59.696969696969695,
    "correct": 197,
    "total": 330
  },
  "pixelate_1.5": {
    "accuracy": 59.3939393939394,
    "correct": 196,
    "total": 330
  },
  "pixelate_2": {
    "accuracy": 42.72727272727273,
    "correct": 141,
    "total": 330
  },
  "pixelate_2.5": {
    "accuracy": 43.333333333333336,
    "correct": 143,
    "total": 330
  },
  "glass_blur_2": {
    "accuracy": 56.666666666666664,
    "correct": 187,
    "total": 330
  },
  "glass_blur_2.5": {
    "accuracy": 57.27272727272727,
    "correct": 189,
    "total": 330
  },
  "glass_blur_3": {
    "accuracy": 50.0,
    "correct": 165,
    "total": 330
  },
  "color_shift_3": {
    "accuracy": 47.878787878787875,
    "correct": 158,
    "total": 330
  },
  "color_shift_4": {
    "accuracy": 45.75757575757576,
    "correct": 151,
    "total": 330
  },
  "color_shift_5": {
    "accuracy": 42.42424242424242,
    "correct": 140,
    "total": 330
  },
  "elastic_10": {
    "accuracy": 58.484848484848484,
    "correct": 193,
    "total": 330
  },
  "elastic_15": {
    "accuracy": 60.303030303030305,
    "correct": 199,
    "total": 330
  },
  "elastic_20": {
    "accuracy": 57.27272727272727,
    "correct": 189,
    "total": 330
  },
  "motion_blur_5": {
    "accuracy": 50.60606060606061,
    "correct": 167,
    "total": 330
  },
  "motion_blur_6": {
    "accuracy": 46.36363636363636,
    "correct": 153,
    "total": 330
  },
  "motion_blur_7": {
    "accuracy": 42.42424242424242,
    "correct": 140,
    "total": 330
  },
  "snow_0.1": {
    "accuracy": 56.36363636363636,
    "correct": 186,
    "total": 330
  },
  "snow_0.2": {
    "accuracy": 53.63636363636364,
    "correct": 177,
    "total": 330
  },
  "snow_0.3": {
    "accuracy": 49.696969696969695,
    "correct": 164,
    "total": 330
  }
}