{
  "baseline": {
    "accuracy": 69.6969696969697,
    "correct": 230,
    "total": 330
  },
  "pixelate_1.5": {
    "accuracy": 69.6969696969697,
    "correct": 230,
    "total": 330
  },
  "pixelate_2": {
    "accuracy": 68.18181818181817,
    "correct": 225,
    "total": 330
  },
  "pixelate_2.5": {
    "accuracy": 67.87878787878789,
    "correct": 224,
    "total": 330
  },
  "glass_blur_2": {
    "accuracy": 68.48484848484848,
    "correct": 226,
    "total": 330
  },
  "glass_blur_2.5": {
    "accuracy": 71.81818181818181,
    "correct": 237,
    "total": 330
  },
  "glass_blur_3": {
    "accuracy": 69.0909090909091,
    "correct": 228,
    "total": 330
  },
  "color_shift_3": {
    "accuracy": 66.66666666666666,
    "correct": 220,
    "total": 330
  },
  "color_shift_4": {
    "accuracy": 60.909090909090914,
    "correct": 201,
    "total": 330
  },
  "color_shift_5": {
    "accuracy": 60.60606060606061,
    "correct": 200,
    "total": 330
  },
  "elastic_10": {
    "accuracy": 71.51515151515152,
    "correct": 236,
    "total": 330
  },
  "elastic_15": {
    "accuracy": 70.60606060606061,
    "correct": 233,
    "total": 330
  },
  "elastic_20": {
    "accuracy": 69.6969696969697,
    "correct": 230,
    "total": 330
  },
  "motion_blur_5": {
    "accuracy": 69.6969696969697,
    "correct": 230,
    "total": 330
  },
  "motion_blur_6": {
    "accuracy": 69.0909090909091,
    "correct": 228,
    "total": 330
  },
  "motion_blur_7": {
    "accuracy": 65.45454545454545,
    "correct": 216,
    "total": 330
  },
  "snow_0.1": {
    "accuracy": 66.66666666666666,
    "correct": 220,
    "total": 330
  },
  "snow_0.2": {
    "accuracy": 69.6969696969697,
    "correct": 230,
    "total": 330
  },
  "snow_0.3": {
    "accuracy": 71.21212121212122,
    "correct": 235,
    "total": 330
  }
}