{
  "baseline": {
    "accuracy": 71.51515151515152,
    "correct": 236,
    "total": 330
  },
  "pixelate_1.5": {
    "accuracy": 71.81818181818181,
    "correct": 237,
    "total": 330
  },
  "pixelate_2": {
    "accuracy": 69.39393939393939,
    "correct": 229,
    "total": 330
  },
  "pixelate_2.5": {
    "accuracy": 68.18181818181817,
    "correct": 225,
    "total": 330
  },
  "glass_blur_2": {
    "accuracy": 73.33333333333333,
    "correct": 242,
    "total": 330
  },
  "glass_blur_2.5": {
    "accuracy": 72.42424242424242,
    "correct": 239,
    "total": 330
  },
  "glass_blur_3": {
    "accuracy": 70.9090909090909,
    "correct": 234,
    "total": 330
  },
  "color_shift_3": {
    "accuracy": 69.0909090909091,
    "correct": 228,
    "total": 330
  },
  "color_shift_4": {
    "accuracy": 61.51515151515151,
    "correct": 203,
    "total": 330
  },
  "color_shift_5": {
    "accuracy": 61.81818181818181,
    "correct": 204,
    "total": 330
  },
  "elastic_10": {
    "accuracy": 70.60606060606061,
    "correct": 233,
    "total": 330
  },
  "elastic_15": {
    "accuracy": 73.33333333333333,
    "correct": 242,
    "total": 330
  },
  "elastic_20": {
    "accuracy": 70.9090909090909,
    "correct": 234,
    "total": 330
  },
  "motion_blur_5": {
    "accuracy": 72.12121212121212,
    "correct": 238,
    "total": 330
  },
  "motion_blur_6": {
    "accuracy": 69.39393939393939,
    "correct": 229,
    "total": 330
  },
  "motion_blur_7": {
    "accuracy": 67.87878787878789,
    "correct": 224,
    "total": 330
  },
  "snow_0.1": {
    "accuracy": 72.42424242424242,
    "correct": 239,
    "total": 330
  },
  "snow_0.2": {
    "accuracy": 73.63636363636363,
    "correct": 243,
    "total": 330
  },
  "snow_0.3": {
    "accuracy": 71.42857142857143,
    "correct": 235,
    "total": 329
  }
}