{
  "baseline": {
    "accuracy": 74.39024390243902,
    "correct": 61,
    "total": 82
  },
  "pixelate_1.5": {
    "accuracy": 75.60975609756098,
    "correct": 62,
    "total": 82
  },
  "pixelate_2": {
    "accuracy": 67.07317073170732,
    "correct": 55,
    "total": 82
  },
  "pixelate_2.5": {
    "accuracy": 64.63414634146342,
    "correct": 53,
    "total": 82
  },
  "glass_blur_2": {
    "accuracy": 75.60975609756098,
    "correct": 62,
    "total": 82
  },
  "glass_blur_2.5": {
    "accuracy": 76.82926829268293,
    "correct": 63,
    "total": 82
  },
  "glass_blur_3": {
    "accuracy": 73.17073170731707,
    "correct": 60,
    "total": 82
  },
  "color_shift_3": {
    "accuracy": 54.87804878048781,
    "correct": 45,
    "total": 82
  },
  "color_shift_4": {
    "accuracy": 54.87804878048781,
    "correct": 45,
    "total": 82
  },
  "color_shift_5": {
    "accuracy": 51.21951219512195,
    "correct": 42,
    "total": 82
  },
  "elastic_10": {
    "accuracy": 75.60975609756098,
    "correct": 62,
    "total": 82
  },
  "elastic_15": {
    "accuracy": 71.95121951219512,
    "correct": 59,
    "total": 82
  },
  "elastic_20": {
    "accuracy": 74.39024390243902,
    "correct": 61,
    "total": 82
  },
  "motion_blur_5": {
    "accuracy": 76.82926829268293,
    "correct": 63,
    "total": 82
  },
  "motion_blur_6": {
    "accuracy": 71.95121951219512,
    "correct": 59,
    "total": 82
  },
  "motion_blur_7": {
    "accuracy": 68.29268292682927,
    "correct": 56,
    "total": 82
  },
  "snow_0.1": {
    "accuracy": 78.04878048780488,
    "correct": 64,
    "total": 82
  },
  "snow_0.2": {
    "accuracy": 71.95121951219512,
    "correct": 59,
    "total": 82
  },
  "snow_0.3": {
    "accuracy": 64.63414634146342,
    "correct": 53,
    "total": 82
  }
}