{
  "baseline": {
    "correct": 258,
    "total": 330,
    "accuracy": 78.18181818181819
  },
  "pixelate_1.5": {
    "correct": 258,
    "total": 330,
    "accuracy": 78.18181818181819
  },
  "pixelate_2": {
    "correct": 199,
    "total": 330,
    "accuracy": 60.303030303030305
  },
  "pixelate_2.5": {
    "correct": 185,
    "total": 330,
    "accuracy": 56.060606060606055
  },
  "glass_blur_2": {
    "correct": 253,
    "total": 330,
    "accuracy": 76.66666666666667
  },
  "glass_blur_2.5": {
    "correct": 264,
    "total": 330,
    "accuracy": 80.0
  },
  "glass_blur_3": {
    "correct": 225,
    "total": 330,
    "accuracy": 68.18181818181817
  },
  "color_shift_3": {
    "correct": 196,
    "total": 330,
    "accuracy": 59.3939393939394
  },
  "color_shift_4": {
    "correct": 174,
    "total": 330,
    "accuracy": 52.72727272727272
  },
  "color_shift_5": {
    "correct": 161,
    "total": 330,
    "accuracy": 48.78787878787879
  },
  "elastic_10": {
    "correct": 259,
    "total": 330,
    "accuracy": 78.48484848484848
  },
  "elastic_15": {
    "correct": 256,
    "total": 330,
    "accuracy": 77.57575757575758
  },
  "elastic_20": {
    "correct": 255,
    "total": 330,
    "accuracy": 77.27272727272727
  },
  "motion_blur_5": {
    "correct": 247,
    "total": 330,
    "accuracy": 74.84848484848486
  },
  "motion_blur_6": {
    "correct": 244,
    "total": 330,
    "accuracy": 73.93939393939394
  },
  "motion_blur_7": {
    "correct": 225,
    "total": 330,
    "accuracy": 68.18181818181817
  },
  "snow_0.1": {
    "correct": 248,
    "total": 330,
    "accuracy": 75.15151515151514
  },
  "snow_0.2": {
    "correct": 226,
    "total": 330,
    "accuracy": 68.48484848484848
  },
  "snow_0.3": {
    "correct": 219,
    "total": 330,
    "accuracy": 66.36363636363637
  }
}