{
  "baseline": {
    "accuracy": 64.24242424242425,
    "correct": 106,
    "total": 165
  },
  "pixelate_1.5": {
    "accuracy": 63.63636363636363,
    "correct": 105,
    "total": 165
  },
  "pixelate_2": {
    "accuracy": 54.54545454545454,
    "correct": 90,
    "total": 165
  },
  "pixelate_2.5": {
    "accuracy": 49.696969696969695,
    "correct": 82,
    "total": 165
  },
  "glass_blur_2": {
    "accuracy": 60.0,
    "correct": 99,
    "total": 165
  },
  "glass_blur_2.5": {
    "accuracy": 63.030303030303024,
    "correct": 104,
    "total": 165
  },
  "glass_blur_3": {
    "accuracy": 52.72727272727272,
    "correct": 87,
    "total": 165
  },
  "color_shift_3": {
    "accuracy": 54.54545454545454,
    "correct": 90,
    "total": 165
  },
  "color_shift_4": {
    "accuracy": 43.63636363636363,
    "correct": 72,
    "total": 165
  },
  "color_shift_5": {
    "accuracy": 38.18181818181819,
    "correct": 63,
    "total": 165
  },
  "elastic_10": {
    "accuracy": 62.42424242424243,
    "correct": 103,
    "total": 165
  },
  "elastic_15": {
    "accuracy": 62.42424242424243,
    "correct": 103,
    "total": 165
  },
  "elastic_20": {
    "accuracy": 61.212121212121204,
    "correct": 101,
    "total": 165
  },
  "motion_blur_5": {
    "accuracy": 53.939393939393945,
    "correct": 89,
    "total": 165
  },
  "motion_blur_6": {
    "accuracy": 57.57575757575758,
    "correct": 95,
    "total": 165
  },
  "motion_blur_7": {
    "accuracy": 49.09090909090909,
    "correct": 81,
    "total": 165
  },
  "snow_0.1": {
    "accuracy": 61.81818181818181,
    "correct": 102,
    "total": 165
  },
  "snow_0.2": {
    "accuracy": 56.96969696969697,
    "correct": 94,
    "total": 165
  },
  "snow_0.3": {
    "accuracy": 52.121212121212125,
    "correct": 86,
    "total": 165
  }
}