{
  "baseline": {
    "accuracy": 49.3939393939394,
    "correct": 163,
    "total": 330
  },
  "color_shift_3": {
    "accuracy": 37.27272727272727,
    "correct": 123,
    "total": 330
  },
  "color_shift_4": {
    "accuracy": 36.666666666666664,
    "correct": 121,
    "total": 330
  },
  "color_shift_5": {
    "accuracy": 31.212121212121215,
    "correct": 103,
    "total": 330
  },
  "elastic_10": {
    "accuracy": 50.90909090909091,
    "correct": 168,
    "total": 330
  },
  "elastic_15": {
    "accuracy": 50.90909090909091,
    "correct": 168,
    "total": 330
  },
  "elastic_20": {
    "accuracy": 49.696969696969695,
    "correct": 164,
    "total": 330
  },
  "glass_blur_2.5": {
    "accuracy": 49.696969696969695,
    "correct": 164,
    "total": 330
  },
  "glass_blur_2": {
    "accuracy": 48.18181818181818,
    "correct": 159,
    "total": 330
  },
  "glass_blur_3": {
    "accuracy": 46.96969696969697,
    "correct": 155,
    "total": 330
  },
  "motion_blur_5": {
    "accuracy": 47.878787878787875,
    "correct": 158,
    "total": 330
  },
  "motion_blur_6": {
    "accuracy": 47.57575757575758,
    "correct": 157,
    "total": 330
  },
  "motion_blur_7": {
    "accuracy": 43.333333333333336,
    "correct": 143,
    "total": 330
  },
  "pixelate_1.5": {
    "accuracy": 48.18181818181818,
    "correct": 159,
    "total": 330
  },
  "pixelate_2.5": {
    "accuracy": 42.12121212121212,
    "correct": 139,
    "total": 330
  },
  "pixelate_2": {
    "accuracy": 40.909090909090914,
    "correct": 135,
    "total": 330
  },
  "snow_0.1": {
    "accuracy": 50.0,
    "correct": 165,
    "total": 330
  },
  "snow_0.2": {
    "accuracy": 46.36363636363636,
    "correct": 153,
    "total": 330
  },
  "snow_0.3": {
    "accuracy": 45.45454545454545,
    "correct": 150,
    "total": 330
  }
}