{
  "baseline": {
    "accuracy": 56.666666666666664,
    "correct": 187,
    "total": 330
  },
  "pixelate_1.5": {
    "accuracy": 57.57575757575758,
    "correct": 190,
    "total": 330
  },
  "pixelate_2": {
    "accuracy": 43.333333333333336,
    "correct": 143,
    "total": 330
  },
  "pixelate_2.5": {
    "accuracy": 43.333333333333336,
    "correct": 143,
    "total": 330
  },
  "glass_blur_2": {
    "accuracy": 54.848484848484844,
    "correct": 181,
    "total": 330
  },
  "glass_blur_2.5": {
    "accuracy": 57.57575757575758,
    "correct": 190,
    "total": 330
  },
  "glass_blur_3": {
    "accuracy": 51.81818181818182,
    "correct": 171,
    "total": 330
  },
  "color_shift_3": {
    "accuracy": 45.45454545454545,
    "correct": 150,
    "total": 330
  },
  "color_shift_4": {
    "accuracy": 40.60606060606061,
    "correct": 134,
    "total": 330
  },
  "color_shift_5": {
    "accuracy": 35.75757575757576,
    "correct": 118,
    "total": 330
  },
  "elastic_10": {
    "accuracy": 57.878787878787875,
    "correct": 191,
    "total": 330
  },
  "elastic_15": {
    "accuracy": 57.57575757575758,
    "correct": 190,
    "total": 330
  },
  "elastic_20": {
    "accuracy": 54.848484848484844,
    "correct": 181,
    "total": 330
  },
  "motion_blur_5": {
    "accuracy": 56.060606060606055,
    "correct": 185,
    "total": 330
  },
  "motion_blur_6": {
    "accuracy": 48.18181818181818,
    "correct": 159,
    "total": 330
  },
  "motion_blur_7": {
    "accuracy": 44.84848484848485,
    "correct": 148,
    "total": 330
  },
  "snow_0.1": {
    "accuracy": 53.333333333333336,
    "correct": 176,
    "total": 330
  },
  "snow_0.2": {
    "accuracy": 50.303030303030305,
    "correct": 166,
    "total": 330
  },
  "snow_0.3": {
    "accuracy": 48.78787878787879,
    "correct": 161,
    "total": 330
  }
}